{
    "InGameData": {
        "Level": 3,
        "JoysticSize": 1.324812412261963,
        "Time": 0.0,
        "IsClear": true,
        "Score1": 25.001550674438478,
        "Score2": 0.0,
        "Score3": 46.288761138916019
    }
}